category_key,parent_category_key,name.de_DE,meta_title.de_DE,meta_description.de_DE,meta_keywords.de_DE,is_active,is_in_menu,is_clickable,is_searchable,is_root,is_main,node_order,template_name,name.en_US,meta_title.en_US,meta_description.en_US,meta_keywords.en_US
3-strbd,demoshop,Stores,,,,1,1,1,1,0,1,10,Starboard (default),Stores,,,
5-strbd,demoshop,Provision,,,,1,1,1,1,0,1,10,Starboard (default),Provision,,,
9-strbd,demoshop,Services,,,,1,1,1,1,0,1,10,Starboard (default),Services,,,
311-strbd,3-strbd,Welfare,,,,1,1,1,1,0,1,10,Starboard (default),Welfare,,,
315-strbd,3-strbd,Cloth and Linen,,,,1,1,1,1,0,1,10,Starboard (default),Cloth and Linen,,,
317-strbd,3-strbd,Tableware and Galley Utensils,,,,1,1,1,1,0,1,10,Starboard (default),Tableware and Galley Utensils,,,
319-strbd,3-strbd,Clothing,,,,1,1,1,1,0,1,10,Starboard (default),Clothing,,,
321-strbd,3-strbd,Rope and Hawsers,,,,1,1,1,1,0,1,10,Starboard (default),Rope and Hawsers,,,
323-strbd,3-strbd,Rigging and General Deck,,,,1,1,1,1,0,1,10,Starboard (default),Rigging and General Deck,,,
325-strbd,3-strbd,Marine Paint,,,,1,1,1,1,0,1,10,Starboard (default),Marine Paint,,,
327-strbd,3-strbd,Painting Equipment,,,,1,1,1,1,0,1,10,Starboard (default),Painting Equipment,,,
331-strbd,3-strbd,Safety Protective Gear,,,,1,1,1,1,0,1,10,Starboard (default),Safety Protective Gear,,,
333-strbd,3-strbd,Safety Equipment,,,,1,1,1,1,0,1,10,Starboard (default),Safety Equipment,,,
335-strbd,3-strbd,Hose and Couplings,,,,1,1,1,1,0,1,10,Starboard (default),Hose and Couplings,,,
337-strbd,3-strbd,Nautical,,,,1,1,1,1,0,1,10,Starboard (default),Nautical,,,
339-strbd,3-strbd,Medicine,,,,1,1,1,1,0,1,10,Starboard (default),Medicine,,,
345-strbd,3-strbd,Petroleum Products,,,,1,1,1,1,0,1,10,Starboard (default),Petroleum Products,,,
347-strbd,3-strbd,Stationery,,,,1,1,1,1,0,1,10,Starboard (default),Stationery,,,
349-strbd,3-strbd,Hardware,,,,1,1,1,1,0,1,10,Starboard (default),Hardware,,,
351-strbd,3-strbd,Brushes and Mats,,,,1,1,1,1,0,1,10,Starboard (default),Brushes and Mats,,,
353-strbd,3-strbd,Lavatory,,,,1,1,1,1,0,1,10,Starboard (default),Lavatory,,,
355-strbd,3-strbd,Cleaning and Chemicals,,,,1,1,1,1,0,1,10,Starboard (default),Cleaning and Chemicals,,,
359-strbd,3-strbd,Pneumatic and Electrical Tools,,,,1,1,1,1,0,1,10,Starboard (default),Pneumatic and Electrical Tools,,,
361-strbd,3-strbd,Hand Tools,,,,1,1,1,1,0,1,10,Starboard (default),Hand Tools,,,
363-strbd,3-strbd,Cutting Tools,,,,1,1,1,1,0,1,10,Starboard (default),Cutting Tools,,,
365-strbd,3-strbd,Measuring Tools,,,,1,1,1,1,0,1,10,Starboard (default),Measuring Tools,,,
367-strbd,3-strbd,Metals,,,,1,1,1,1,0,1,10,Starboard (default),Metals,,,
369-strbd,3-strbd,Screws and Nuts,,,,1,1,1,1,0,1,10,Starboard (default),Screws and Nuts,,,
371-strbd,3-strbd,Pipes and Tubes,,,,1,1,1,1,0,1,10,Starboard (default),Pipes and Tubes,,,
373-strbd,3-strbd,Pipe and Tube Fittings,,,,1,1,1,1,0,1,10,Starboard (default),Pipe and Tube Fittings,,,
375-strbd,3-strbd,Valves and Cocks,,,,1,1,1,1,0,1,10,Starboard (default),Valves and Cocks,,,
377-strbd,3-strbd,Bearings,,,,1,1,1,1,0,1,10,Starboard (default),Bearings,,,
379-strbd,3-strbd,Electrical,,,,1,1,1,1,0,1,10,Starboard (default),Electrical,,,
381-strbd,3-strbd,Packing and Jointing,,,,1,1,1,1,0,1,10,Starboard (default),Packing and Jointing,,,
385-strbd,3-strbd,Welding,,,,1,1,1,1,0,1,10,Starboard (default),Welding,,,
387-strbd,3-strbd,Machinery,,,,1,1,1,1,0,1,10,Starboard (default),Machinery,,,
510-strbd,5-strbd,Meat,,,,1,1,1,1,0,1,10,Starboard (default),Meat,,,
512-strbd,5-strbd,Poultry,,,,1,1,1,1,0,1,10,Starboard (default),Poultry,,,
515-strbd,5-strbd,Seafood,,,,1,1,1,1,0,1,10,Starboard (default),Seafood,,,
520-strbd,5-strbd,Fruit and Vegetables,,,,1,1,1,1,0,1,10,Starboard (default),Fruit and Vegetables,,,
530-strbd,5-strbd,Dairy and Eggs,,,,1,1,1,1,0,1,10,Starboard (default),Dairy and Eggs,,,
532-strbd,5-strbd,"Butter, Margarine & Oil",,,,1,1,1,1,0,1,10,Starboard (default),"Butter, Margarine & Oil",,,
535-strbd,5-strbd,Rice and Oats,,,,1,1,1,1,0,1,10,Starboard (default),Rice and Oats,,,
536-strbd,5-strbd,Pasta and Noodles,,,,1,1,1,1,0,1,10,Starboard (default),Pasta and Noodles,,,
540-strbd,5-strbd,Sauces and Condiments,,,,1,1,1,1,0,1,10,Starboard (default),Sauces and Condiments,,,
541-strbd,5-strbd,Soups and Bouillons,,,,1,1,1,1,0,1,10,Starboard (default),Soups and Bouillons,,,
542-strbd,5-strbd,Spices,,,,1,1,1,1,0,1,10,Starboard (default),Spices,,,
543-strbd,5-strbd,Specialities,,,,1,1,1,1,0,1,10,Starboard (default),Specialities,,,
550-strbd,5-strbd,Sugar and Baking Ingredients,,,,1,1,1,1,0,1,10,Starboard (default),Sugar and Baking Ingredients,,,
551-strbd,5-strbd,Flour,,,,1,1,1,1,0,1,10,Starboard (default),Flour,,,
552-strbd,5-strbd,Nuts - Kernels and  Seeds,,,,1,1,1,1,0,1,10,Starboard (default),Nuts - Kernels and  Seeds,,,
553-strbd,5-strbd,Bread,,,,1,1,1,1,0,1,10,Starboard (default),Bread,,,
554-strbd,5-strbd,Cakes and Cookies,,,,1,1,1,1,0,1,10,Starboard (default),Cakes and Cookies,,,
560-strbd,5-strbd,Cereals,,,,1,1,1,1,0,1,10,Starboard (default),Cereals,,,
561-strbd,5-strbd,Spreadable,,,,1,1,1,1,0,1,10,Starboard (default),Spreadable,,,
570-strbd,5-strbd,Desserts,,,,1,1,1,1,0,1,10,Starboard (default),Desserts,,,
572-strbd,5-strbd,Sweets,,,,1,1,1,1,0,1,10,Starboard (default),Sweets,,,
573-strbd,5-strbd,Chips and Snacks,,,,1,1,1,1,0,1,10,Starboard (default),Chips and Snacks,,,
580-strbd,5-strbd,Ready-to-eat,,,,1,1,1,1,0,1,10,Starboard (default),Ready-to-eat,,,
585-strbd,5-strbd,Coffee and Tea,,,,1,1,1,1,0,1,10,Starboard (default),Coffee and Tea,,,
590-strbd,5-strbd,Beverage,,,,1,1,1,1,0,1,10,Starboard (default),Beverage,,,
591-strbd,5-strbd,Alcohol,,,,1,1,1,1,0,1,10,Starboard (default),Alcohol,,,
592-strbd,5-strbd,Tobacco,,,,1,1,1,1,0,1,10,Starboard (default),Tobacco,,,
970-strbd,9-strbd,Marketing,,,,1,1,1,1,0,1,10,Starboard (default),Marketing,,,
31120-strbd,311-strbd,Electronics - Welfare,,,,1,1,1,1,0,1,10,Starboard (default),Electronics - Welfare,,,
31125-strbd,311-strbd,Health- Beauty and Care,,,,1,1,1,1,0,1,10,Starboard (default),Health- Beauty and Care,,,
31145-strbd,311-strbd,Leisure,,,,1,1,1,1,0,1,10,Starboard (default),Leisure,,,
31165-strbd,311-strbd,Seasonal Stores,,,,1,1,1,1,0,1,10,Starboard (default),Seasonal Stores,,,
31199-strbd,311-strbd,Misc. Welfare,,,,1,1,1,1,0,1,10,Starboard (default),Misc. Welfare,,,
31515-strbd,315-strbd,Bed Accessories,,,,1,1,1,1,0,1,10,Starboard (default),Bed Accessories,,,
31525-strbd,315-strbd,Laundry Accessories and Storage,,,,1,1,1,1,0,1,10,Starboard (default),Laundry Accessories and Storage,,,
31560-strbd,315-strbd,Towel and Table Linen,,,,1,1,1,1,0,1,10,Starboard (default),Towel and Table Linen,,,
31599-strbd,315-strbd,Misc. Cloth and Linen,,,,1,1,1,1,0,1,10,Starboard (default),Misc. Cloth and Linen,,,
31710-strbd,317-strbd,Appliance,,,,1,1,1,1,0,1,10,Starboard (default),Appliance,,,
31720-strbd,317-strbd,Cleaning Products,,,,1,1,1,1,0,1,10,Starboard (default),Cleaning Products,,,
31730-strbd,317-strbd,Knives and Butchers Gear,,,,1,1,1,1,0,1,10,Starboard (default),Knives and Butchers Gear,,,
31750-strbd,317-strbd,Paper- Plastic and Bags,,,,1,1,1,1,0,1,10,Starboard (default),Paper- Plastic and Bags,,,
31751-strbd,317-strbd,Pots and Pans,,,,1,1,1,1,0,1,10,Starboard (default),Pots and Pans,,,
31760-strbd,317-strbd,Tableware,,,,1,1,1,1,0,1,10,Starboard (default),Tableware,,,
31770-strbd,317-strbd,Utensils,,,,1,1,1,1,0,1,10,Starboard (default),Utensils,,,
31799-strbd,317-strbd,Misc. Tableware and Galley Utensils,,,,1,1,1,1,0,1,10,Starboard (default),Misc. Tableware and Galley Utensils,,,
31915-strbd,319-strbd,Cook and Steward Wear,,,,1,1,1,1,0,1,10,Starboard (default),Cook and Steward Wear,,,
31925-strbd,319-strbd,Foot Wear,,,,1,1,1,1,0,1,10,Starboard (default),Foot Wear,,,
31930-strbd,319-strbd,Gloves,,,,1,1,1,1,0,1,10,Starboard (default),Gloves,,,
31950-strbd,319-strbd,Rain Suits,,,,1,1,1,1,0,1,10,Starboard (default),Rain Suits,,,
31965-strbd,319-strbd,Underwear,,,,1,1,1,1,0,1,10,Starboard (default),Underwear,,,
31970-strbd,319-strbd,General Clothing,,,,1,1,1,1,0,1,10,Starboard (default),General Clothing,,,
31971-strbd,319-strbd,Working Clothes,,,,1,1,1,1,0,1,10,Starboard (default),Working Clothes,,,
31999-strbd,319-strbd,Misc. Clothing,,,,1,1,1,1,0,1,10,Starboard (default),Misc. Clothing,,,
32135-strbd,321-strbd,Manila Rope,,,,1,1,1,1,0,1,10,Starboard (default),Manila Rope,,,
32136-strbd,321-strbd,Mooring Rope and Hawsers,,,,1,1,1,1,0,1,10,Starboard (default),Mooring Rope and Hawsers,,,
32140-strbd,321-strbd,Nylon Rope,,,,1,1,1,1,0,1,10,Starboard (default),Nylon Rope,,,
32199-strbd,321-strbd,Misc. Rope and Hawsers,,,,1,1,1,1,0,1,10,Starboard (default),Misc. Rope and Hawsers,,,
32310-strbd,323-strbd,Acryl Sheets,,,,1,1,1,1,0,1,10,Starboard (default),Acryl Sheets,,,
32320-strbd,323-strbd,Canvas,,,,1,1,1,1,0,1,10,Starboard (default),Canvas,,,
32325-strbd,323-strbd,Deck Coverings and Razor Wire,,,,1,1,1,1,0,1,10,Starboard (default),Deck Coverings and Razor Wire,,,
32326-strbd,323-strbd,Dunnage bags and Plywood,,,,1,1,1,1,0,1,10,Starboard (default),Dunnage bags and Plywood,,,
32335-strbd,323-strbd,Fenders,,,,1,1,1,1,0,1,10,Starboard (default),Fenders,,,
32341-strbd,323-strbd,Hatch Wedges and Hatch Cover Tapes,,,,1,1,1,1,0,1,10,Starboard (default),Hatch Wedges and Hatch Cover Tapes,,,
32345-strbd,323-strbd,Ladders and Scaffolds,,,,1,1,1,1,0,1,10,Starboard (default),Ladders and Scaffolds,,,
32346-strbd,323-strbd,Lifting Equipment,,,,1,1,1,1,0,1,10,Starboard (default),Lifting Equipment,,,
32350-strbd,323-strbd,Nails,,,,1,1,1,1,0,1,10,Starboard (default),Nails,,,
32355-strbd,323-strbd,Oil Funnels and Oil Sample Cans,,,,1,1,1,1,0,1,10,Starboard (default),Oil Funnels and Oil Sample Cans,,,
32356-strbd,323-strbd,Oil Pollution Countermeasures,,,,1,1,1,1,0,1,10,Starboard (default),Oil Pollution Countermeasures,,,
32365-strbd,323-strbd,Rat Guards,,,,1,1,1,1,0,1,10,Starboard (default),Rat Guards,,,
32370-strbd,323-strbd,Sand- Cement and Blasting Sand,,,,1,1,1,1,0,1,10,Starboard (default),Sand- Cement and Blasting Sand,,,
32371-strbd,323-strbd,Scupper Plugs,,,,1,1,1,1,0,1,10,Starboard (default),Scupper Plugs,,,
32380-strbd,323-strbd,Drums and Cement Bags,,,,1,1,1,1,0,1,10,Starboard (default),Drums and Cement Bags,,,
32385-strbd,323-strbd,Waste and Rags,,,,1,1,1,1,0,1,10,Starboard (default),Waste and Rags,,,
32399-strbd,323-strbd,Misc. Rigging and General Deck,,,,1,1,1,1,0,1,10,Starboard (default),Misc. Rigging and General Deck,,,
32560-strbd,325-strbd,Paint and Coating,,,,1,1,1,1,0,1,10,Starboard (default),Paint and Coating,,,
32570-strbd,325-strbd,Varnish- Oil- Etc.,,,,1,1,1,1,0,1,10,Starboard (default),Varnish- Oil- Etc.,,,
32599-strbd,325-strbd,Misc. Marine Paint,,,,1,1,1,1,0,1,10,Starboard (default),Misc. Marine Paint,,,
32725-strbd,327-strbd,Cleaning Guns and Air Dusters,,,,1,1,1,1,0,1,10,Starboard (default),Cleaning Guns and Air Dusters,,,
32760-strbd,327-strbd,Paint Spray Guns and Containers,,,,1,1,1,1,0,1,10,Starboard (default),Paint Spray Guns and Containers,,,
32761-strbd,327-strbd,Paint Stirrers,,,,1,1,1,1,0,1,10,Starboard (default),Paint Stirrers,,,
32799-strbd,327-strbd,Misc. Painting Equipment,,,,1,1,1,1,0,1,10,Starboard (default),Misc. Painting Equipment,,,
33115-strbd,331-strbd,Body Protection,,,,1,1,1,1,0,1,10,Starboard (default),Body Protection,,,
33125-strbd,331-strbd,Eye Protection,,,,1,1,1,1,0,1,10,Starboard (default),Eye Protection,,,
33135-strbd,331-strbd,Foot Protection,,,,1,1,1,1,0,1,10,Starboard (default),Foot Protection,,,
33145-strbd,331-strbd,Head Protection,,,,1,1,1,1,0,1,10,Starboard (default),Head Protection,,,
33199-strbd,331-strbd,Misc. Safety Protective Gear,,,,1,1,1,1,0,1,10,Starboard (default),Misc. Safety Protective Gear,,,
33315-strbd,333-strbd,Breathing Apparatus,,,,1,1,1,1,0,1,10,Starboard (default),Breathing Apparatus,,,
33320-strbd,333-strbd,Chemical and Gas Protection Suits,,,,1,1,1,1,0,1,10,Starboard (default),Chemical and Gas Protection Suits,,,
33330-strbd,333-strbd,Fire Extinguishers,,,,1,1,1,1,0,1,10,Starboard (default),Fire Extinguishers,,,
33331-strbd,333-strbd,Fire Fighting Equipment,,,,1,1,1,1,0,1,10,Starboard (default),Fire Fighting Equipment,,,
33332-strbd,333-strbd,Fire Hose and Fire Hose Couplings,,,,1,1,1,1,0,1,10,Starboard (default),Fire Hose and Fire Hose Couplings,,,
33335-strbd,333-strbd,Gas Detectors,,,,1,1,1,1,0,1,10,Starboard (default),Gas Detectors,,,
33340-strbd,333-strbd,IMO Symbols and Safety Signs,,,,1,1,1,1,0,1,10,Starboard (default),IMO Symbols and Safety Signs,,,
33350-strbd,333-strbd,Life Jackets and Lifebuoys,,,,1,1,1,1,0,1,10,Starboard (default),Life Jackets and Lifebuoys,,,
33352-strbd,333-strbd,Lifeboat and Life raft Accessories,,,,1,1,1,1,0,1,10,Starboard (default),Lifeboat and Life raft Accessories,,,
33360-strbd,333-strbd,Pyrotechnics,,,,1,1,1,1,0,1,10,Starboard (default),Pyrotechnics,,,
33365-strbd,333-strbd,Safety Belts,,,,1,1,1,1,0,1,10,Starboard (default),Safety Belts,,,
33366-strbd,333-strbd,Safety Lights and Signal Lamps,,,,1,1,1,1,0,1,10,Starboard (default),Safety Lights and Signal Lamps,,,
33367-strbd,333-strbd,Safety Masks and Respirators,,,,1,1,1,1,0,1,10,Starboard (default),Safety Masks and Respirators,,,
33368-strbd,333-strbd,Safety Tapes,,,,1,1,1,1,0,1,10,Starboard (default),Safety Tapes,,,
33369-strbd,333-strbd,Smoke Detector Testers,,,,1,1,1,1,0,1,10,Starboard (default),Smoke Detector Testers,,,
33370-strbd,333-strbd,SOLAS Publication,,,,1,1,1,1,0,1,10,Starboard (default),SOLAS Publication,,,
33380-strbd,333-strbd,Work Vests and Whistles,,,,1,1,1,1,0,1,10,Starboard (default),Work Vests and Whistles,,,
33399-strbd,333-strbd,Misc. Safety Equipment,,,,1,1,1,1,0,1,10,Starboard (default),Misc. Safety Equipment,,,
33540-strbd,335-strbd,Hose Couplings,,,,1,1,1,1,0,1,10,Starboard (default),Hose Couplings,,,
33541-strbd,335-strbd,Hose Nozzles,,,,1,1,1,1,0,1,10,Starboard (default),Hose Nozzles,,,
33542-strbd,335-strbd,Hoses,,,,1,1,1,1,0,1,10,Starboard (default),Hoses,,,
33599-strbd,335-strbd,Misc. Hose and Couplings,,,,1,1,1,1,0,1,10,Starboard (default),Misc. Hose and Couplings,,,
33720-strbd,337-strbd,Chart Room Goods,,,,1,1,1,1,0,1,10,Starboard (default),Chart Room Goods,,,
33725-strbd,337-strbd,Day Signals,,,,1,1,1,1,0,1,10,Starboard (default),Day Signals,,,
33740-strbd,337-strbd,Marine Clocks and Stopwatches,,,,1,1,1,1,0,1,10,Starboard (default),Marine Clocks and Stopwatches,,,
33741-strbd,337-strbd,Marine Radios and Telephones,,,,1,1,1,1,0,1,10,Starboard (default),Marine Radios and Telephones,,,
33742-strbd,337-strbd,Merchant Flags,,,,1,1,1,1,0,1,10,Starboard (default),Merchant Flags,,,
33743-strbd,337-strbd,Meteorological Instruments,,,,1,1,1,1,0,1,10,Starboard (default),Meteorological Instruments,,,
33750-strbd,337-strbd,Nautical Publications and Charts,,,,1,1,1,1,0,1,10,Starboard (default),Nautical Publications and Charts,,,
33751-strbd,337-strbd,Nautical Recording Paper,,,,1,1,1,1,0,1,10,Starboard (default),Nautical Recording Paper,,,
33753-strbd,337-strbd,Navigation Lights and Searchlights,,,,1,1,1,1,0,1,10,Starboard (default),Navigation Lights and Searchlights,,,
33754-strbd,337-strbd,Navigational Instruments,,,,1,1,1,1,0,1,10,Starboard (default),Navigational Instruments,,,
33765-strbd,337-strbd,Sextant and Binoculars,,,,1,1,1,1,0,1,10,Starboard (default),Sextant and Binoculars,,,
33766-strbd,337-strbd,Sounding Equipment,,,,1,1,1,1,0,1,10,Starboard (default),Sounding Equipment,,,
33799-strbd,337-strbd,Misc. Nautical Equipment,,,,1,1,1,1,0,1,10,Starboard (default),Misc. Nautical Equipment,,,
33920-strbd,339-strbd,Dressings,,,,1,1,1,1,0,1,10,Starboard (default),Dressings,,,
33940-strbd,339-strbd,Medical Chests,,,,1,1,1,1,0,1,10,Starboard (default),Medical Chests,,,
33941-strbd,339-strbd,Medical Instruments and Equipment,,,,1,1,1,1,0,1,10,Starboard (default),Medical Instruments and Equipment,,,
33942-strbd,339-strbd,Medicines,,,,1,1,1,1,0,1,10,Starboard (default),Medicines,,,
33999-strbd,339-strbd,Misc. Medicine,,,,1,1,1,1,0,1,10,Starboard (default),Misc. Medicine,,,
34510-strbd,345-strbd,Aerosol Lubricants,,,,1,1,1,1,0,1,10,Starboard (default),Aerosol Lubricants,,,
34525-strbd,345-strbd,Charcoal,,,,1,1,1,1,0,1,10,Starboard (default),Charcoal,,,
34526-strbd,345-strbd,Grease,,,,1,1,1,1,0,1,10,Starboard (default),Grease,,,
34540-strbd,345-strbd,Molybdenum disulfide lubricant products,,,,1,1,1,1,0,1,10,Starboard (default),Molybdenum disulfide lubricant products,,,
34550-strbd,345-strbd,Pipe Dressing,,,,1,1,1,1,0,1,10,Starboard (default),Pipe Dressing,,,
34560-strbd,345-strbd,Silicone Grease and Compounds,,,,1,1,1,1,0,1,10,Starboard (default),Silicone Grease and Compounds,,,
34599-strbd,345-strbd,Misc. Petroleum Products,,,,1,1,1,1,0,1,10,Starboard (default),Misc. Petroleum Products,,,
34721-strbd,347-strbd,Chairs,,,,1,1,1,1,0,1,10,Starboard (default),Chairs,,,
34725-strbd,347-strbd,Desk Accessories,,,,1,1,1,1,0,1,10,Starboard (default),Desk Accessories,,,
34726-strbd,347-strbd,Drawing Instruments and Rules,,,,1,1,1,1,0,1,10,Starboard (default),Drawing Instruments and Rules,,,
34730-strbd,347-strbd,Electronics - Stationary,,,,1,1,1,1,0,1,10,Starboard (default),Electronics - Stationary,,,
34731-strbd,347-strbd,Erasers,,,,1,1,1,1,0,1,10,Starboard (default),Erasers,,,
34740-strbd,347-strbd,Files- Paper Holders and Trays,,,,1,1,1,1,0,1,10,Starboard (default),Files- Paper Holders and Trays,,,
34745-strbd,347-strbd,Glue and Paper Fastening Goods,,,,1,1,1,1,0,1,10,Starboard (default),Glue and Paper Fastening Goods,,,
34751-strbd,347-strbd,Notebooks and Memo Pads,,,,1,1,1,1,0,1,10,Starboard (default),Notebooks and Memo Pads,,,
34759-strbd,347-strbd,Paper,,,,1,1,1,1,0,1,10,Starboard (default),Paper,,,
34760-strbd,347-strbd,Paper Bags and Envelopes,,,,1,1,1,1,0,1,10,Starboard (default),Paper Bags and Envelopes,,,
34761-strbd,347-strbd,Pens- Markers and Pencil Sharpeners,,,,1,1,1,1,0,1,10,Starboard (default),Pens- Markers and Pencil Sharpeners,,,
34770-strbd,347-strbd,Rubber Stamps,,,,1,1,1,1,0,1,10,Starboard (default),Rubber Stamps,,,
34775-strbd,347-strbd,Safes,,,,1,1,1,1,0,1,10,Starboard (default),Safes,,,
34776-strbd,347-strbd,Scissors and Cutters,,,,1,1,1,1,0,1,10,Starboard (default),Scissors and Cutters,,,
34780-strbd,347-strbd,Tags and Labels,,,,1,1,1,1,0,1,10,Starboard (default),Tags and Labels,,,
34781-strbd,347-strbd,Tape Writers,,,,1,1,1,1,0,1,10,Starboard (default),Tape Writers,,,
34782-strbd,347-strbd,Tapes,,,,1,1,1,1,0,1,10,Starboard (default),Tapes,,,
34785-strbd,347-strbd,Whiteboards and Accessories,,,,1,1,1,1,0,1,10,Starboard (default),Whiteboards and Accessories,,,
34786-strbd,347-strbd,Wrappings and Strings,,,,1,1,1,1,0,1,10,Starboard (default),Wrappings and Strings,,,
34799-strbd,347-strbd,Misc. Stationery,,,,1,1,1,1,0,1,10,Starboard (default),Misc. Stationery,,,
34910-strbd,349-strbd,Ashtrays,,,,1,1,1,1,0,1,10,Starboard (default),Ashtrays,,,
34915-strbd,349-strbd,Bathroom- Hardware and Waste Buckets,,,,1,1,1,1,0,1,10,Starboard (default),Bathroom- Hardware and Waste Buckets,,,
34916-strbd,349-strbd,Butt Hinges,,,,1,1,1,1,0,1,10,Starboard (default),Butt Hinges,,,
34920-strbd,349-strbd,Cabinet Door Accessories,,,,1,1,1,1,0,1,10,Starboard (default),Cabinet Door Accessories,,,
34921-strbd,349-strbd,Cabinet Hardware,,,,1,1,1,1,0,1,10,Starboard (default),Cabinet Hardware,,,
34924-strbd,349-strbd,Curtain Rails and Accessories,,,,1,1,1,1,0,1,10,Starboard (default),Curtain Rails and Accessories,,,
34930-strbd,349-strbd,Dead Locks and Cylinders,,,,1,1,1,1,0,1,10,Starboard (default),Dead Locks and Cylinders,,,
34941-strbd,349-strbd,Hinges and Joint Hinges,,,,1,1,1,1,0,1,10,Starboard (default),Hinges and Joint Hinges,,,
34943-strbd,349-strbd,Hooks and Fasteners,,,,1,1,1,1,0,1,10,Starboard (default),Hooks and Fasteners,,,
34948-strbd,349-strbd,Lock Sets,,,,1,1,1,1,0,1,10,Starboard (default),Lock Sets,,,
34950-strbd,349-strbd,Padlocks and Door Fastening Items,,,,1,1,1,1,0,1,10,Starboard (default),Padlocks and Door Fastening Items,,,
34965-strbd,349-strbd,Storm Rails,,,,1,1,1,1,0,1,10,Starboard (default),Storm Rails,,,
34999-strbd,349-strbd,Misc. Hardware,,,,1,1,1,1,0,1,10,Starboard (default),Misc. Hardware,,,
35115-strbd,351-strbd,Brooms and Carpet Brushes,,,,1,1,1,1,0,1,10,Starboard (default),Brooms and Carpet Brushes,,,
35125-strbd,351-strbd,Dusters and Floor Cloths,,,,1,1,1,1,0,1,10,Starboard (default),Dusters and Floor Cloths,,,
35135-strbd,351-strbd,Floor Brushes and Hand Brushes,,,,1,1,1,1,0,1,10,Starboard (default),Floor Brushes and Hand Brushes,,,
35136-strbd,351-strbd,Floor Mats,,,,1,1,1,1,0,1,10,Starboard (default),Floor Mats,,,
35150-strbd,351-strbd,Paint Brushes and Paint Rollers,,,,1,1,1,1,0,1,10,Starboard (default),Paint Brushes and Paint Rollers,,,
35166-strbd,351-strbd,Tube Brushes and Cup Brushes,,,,1,1,1,1,0,1,10,Starboard (default),Tube Brushes and Cup Brushes,,,
35315-strbd,353-strbd,Bathroom Items,,,,1,1,1,1,0,1,10,Starboard (default),Bathroom Items,,,
35335-strbd,353-strbd,Hand Basins,,,,1,1,1,1,0,1,10,Starboard (default),Hand Basins,,,
35345-strbd,353-strbd,Mirrors and Medicine Cabinets,,,,1,1,1,1,0,1,10,Starboard (default),Mirrors and Medicine Cabinets,,,
35365-strbd,353-strbd,Shower Room Fittings,,,,1,1,1,1,0,1,10,Starboard (default),Shower Room Fittings,,,
35375-strbd,353-strbd,Trays and Shelves,,,,1,1,1,1,0,1,10,Starboard (default),Trays and Shelves,,,
35380-strbd,353-strbd,Wall Faucets,,,,1,1,1,1,0,1,10,Starboard (default),Wall Faucets,,,
35381-strbd,353-strbd,Water Closets,,,,1,1,1,1,0,1,10,Starboard (default),Water Closets,,,
35399-strbd,353-strbd,Misc. Lavatory Equipment,,,,1,1,1,1,0,1,10,Starboard (default),Misc. Lavatory Equipment,,,
35520-strbd,355-strbd,Common Chemicals,,,,1,1,1,1,0,1,10,Starboard (default),Common Chemicals,,,
35525-strbd,355-strbd,Distilled Water,,,,1,1,1,1,0,1,10,Starboard (default),Distilled Water,,,
35535-strbd,355-strbd,Floor Maintenance Products,,,,1,1,1,1,0,1,10,Starboard (default),Floor Maintenance Products,,,
35540-strbd,355-strbd,Galley Cleaning Detergent,,,,1,1,1,1,0,1,10,Starboard (default),Galley Cleaning Detergent,,,
35545-strbd,355-strbd,Hand Cleaning Soap and Detergent,,,,1,1,1,1,0,1,10,Starboard (default),Hand Cleaning Soap and Detergent,,,
35555-strbd,355-strbd,Laundry Soap and Detergent,,,,1,1,1,1,0,1,10,Starboard (default),Laundry Soap and Detergent,,,
35560-strbd,355-strbd,Marine Maintenance Chemicals,,,,1,1,1,1,0,1,10,Starboard (default),Marine Maintenance Chemicals,,,
35570-strbd,355-strbd,Sanitary Items,,,,1,1,1,1,0,1,10,Starboard (default),Sanitary Items,,,
35599-strbd,355-strbd,Misc. Cleaning Material and Chemicals,,,,1,1,1,1,0,1,10,Starboard (default),Misc. Cleaning Material and Chemicals,,,
35910-strbd,359-strbd,Air Line Filters,,,,1,1,1,1,0,1,10,Starboard (default),Air Line Filters,,,
35925-strbd,359-strbd,Chain Hoists,,,,1,1,1,1,0,1,10,Starboard (default),Chain Hoists,,,
35930-strbd,359-strbd,Electric Hand Tools,,,,1,1,1,1,0,1,10,Starboard (default),Electric Hand Tools,,,
35935-strbd,359-strbd,High Pressure Cleaners,,,,1,1,1,1,0,1,10,Starboard (default),High Pressure Cleaners,,,
35960-strbd,359-strbd,Neoprene Rubber Buckets,,,,1,1,1,1,0,1,10,Starboard (default),Neoprene Rubber Buckets,,,
35966-strbd,359-strbd,Pneumatic Hand Tools,,,,1,1,1,1,0,1,10,Starboard (default),Pneumatic Hand Tools,,,
35968-strbd,359-strbd,Pneumatic Saws,,,,1,1,1,1,0,1,10,Starboard (default),Pneumatic Saws,,,
35969-strbd,359-strbd,Pneumatic Winches,,,,1,1,1,1,0,1,10,Starboard (default),Pneumatic Winches,,,
35970-strbd,359-strbd,Pumps and Ejectors,,,,1,1,1,1,0,1,10,Starboard (default),Pumps and Ejectors,,,
35976-strbd,359-strbd,Scalers and Jet Chisels,,,,1,1,1,1,0,1,10,Starboard (default),Scalers and Jet Chisels,,,
35980-strbd,359-strbd,Tank Cleaning Machines,,,,1,1,1,1,0,1,10,Starboard (default),Tank Cleaning Machines,,,
35985-strbd,359-strbd,Vacuum Cleaners,,,,1,1,1,1,0,1,10,Starboard (default),Vacuum Cleaners,,,
35986-strbd,359-strbd,Ventilations and Fans,,,,1,1,1,1,0,1,10,Starboard (default),Ventilations and Fans,,,
35999-strbd,359-strbd,Misc. Pneumatic and Electrical Tools,,,,1,1,1,1,0,1,10,Starboard (default),Misc. Pneumatic and Electrical Tools,,,
36115-strbd,361-strbd,Bars and Nail Pullers,,,,1,1,1,1,0,1,10,Starboard (default),Bars and Nail Pullers,,,
36116-strbd,361-strbd,Bits,,,,1,1,1,1,0,1,10,Starboard (default),Bits,,,
36120-strbd,361-strbd,Carborundom Paste,,,,1,1,1,1,0,1,10,Starboard (default),Carborundom Paste,,,
36121-strbd,361-strbd,Chisels,,,,1,1,1,1,0,1,10,Starboard (default),Chisels,,,
36122-strbd,361-strbd,Cutters and Shears,,,,1,1,1,1,0,1,10,Starboard (default),Cutters and Shears,,,
36125-strbd,361-strbd,Drum Hooks and Lifting Clamps,,,,1,1,1,1,0,1,10,Starboard (default),Drum Hooks and Lifting Clamps,,,
36127-strbd,361-strbd,Drum Pumps,,,,1,1,1,1,0,1,10,Starboard (default),Drum Pumps,,,
36130-strbd,361-strbd,Files,,,,1,1,1,1,0,1,10,Starboard (default),Files,,,
36135-strbd,361-strbd,Gear Pullers and Bearing Pullers,,,,1,1,1,1,0,1,10,Starboard (default),Gear Pullers and Bearing Pullers,,,
36137-strbd,361-strbd,Grease Nipples and Grease Guns,,,,1,1,1,1,0,1,10,Starboard (default),Grease Nipples and Grease Guns,,,
36138-strbd,361-strbd,Grinding Wheels and Disc Paper,,,,1,1,1,1,0,1,10,Starboard (default),Grinding Wheels and Disc Paper,,,
36140-strbd,361-strbd,Hammers,,,,1,1,1,1,0,1,10,Starboard (default),Hammers,,,
36141-strbd,361-strbd,Hose Bands and Pipe Clamps,,,,1,1,1,1,0,1,10,Starboard (default),Hose Bands and Pipe Clamps,,,
36142-strbd,361-strbd,Hydraulic Jacks,,,,1,1,1,1,0,1,10,Starboard (default),Hydraulic Jacks,,,
36145-strbd,361-strbd,Ladders,,,,1,1,1,1,0,1,10,Starboard (default),Ladders,,,
36146-strbd,361-strbd,Lubricators and Grease Pumps,,,,1,1,1,1,0,1,10,Starboard (default),Lubricators and Grease Pumps,,,
36155-strbd,361-strbd,Non-sparking Tools,,,,1,1,1,1,0,1,10,Starboard (default),Non-sparking Tools,,,
36156-strbd,361-strbd,Nut Splitters and Flange Jacks,,,,1,1,1,1,0,1,10,Starboard (default),Nut Splitters and Flange Jacks,,,
36160-strbd,361-strbd,Oilers and Oil Containers,,,,1,1,1,1,0,1,10,Starboard (default),Oilers and Oil Containers,,,
36166-strbd,361-strbd,Pin Vises and Hand Drills,,,,1,1,1,1,0,1,10,Starboard (default),Pin Vises and Hand Drills,,,
36167-strbd,361-strbd,Pipe Benders,,,,1,1,1,1,0,1,10,Starboard (default),Pipe Benders,,,
36168-strbd,361-strbd,Pipe Cleaners,,,,1,1,1,1,0,1,10,Starboard (default),Pipe Cleaners,,,
36169-strbd,361-strbd,Planes and Wood Gauges,,,,1,1,1,1,0,1,10,Starboard (default),Planes and Wood Gauges,,,
36170-strbd,361-strbd,Pliers,,,,1,1,1,1,0,1,10,Starboard (default),Pliers,,,
36171-strbd,361-strbd,Punches and Stencils,,,,1,1,1,1,0,1,10,Starboard (default),Punches and Stencils,,,
36175-strbd,361-strbd,Rivets and Riveters,,,,1,1,1,1,0,1,10,Starboard (default),Rivets and Riveters,,,
36178-strbd,361-strbd,Saws and Hacksaws,,,,1,1,1,1,0,1,10,Starboard (default),Saws and Hacksaws,,,
36179-strbd,361-strbd,Scissors and Knives,,,,1,1,1,1,0,1,10,Starboard (default),Scissors and Knives,,,
36180-strbd,361-strbd,Scrapers and Scribers,,,,1,1,1,1,0,1,10,Starboard (default),Scrapers and Scribers,,,
36181-strbd,361-strbd,Screw Clamps and Vises,,,,1,1,1,1,0,1,10,Starboard (default),Screw Clamps and Vises,,,
36182-strbd,361-strbd,Screwdrivers,,,,1,1,1,1,0,1,10,Starboard (default),Screwdrivers,,,
36183-strbd,361-strbd,Shovels,,,,1,1,1,1,0,1,10,Starboard (default),Shovels,,,
36184-strbd,361-strbd,Socket Wrenches,,,,1,1,1,1,0,1,10,Starboard (default),Socket Wrenches,,,
36186-strbd,361-strbd,Tool Belts,,,,1,1,1,1,0,1,10,Starboard (default),Tool Belts,,,
36187-strbd,361-strbd,Tool Boxes and Part Cabinets,,,,1,1,1,1,0,1,10,Starboard (default),Tool Boxes and Part Cabinets,,,
36188-strbd,361-strbd,Torches and Leak Detectors,,,,1,1,1,1,0,1,10,Starboard (default),Torches and Leak Detectors,,,
36189-strbd,361-strbd,Torque Tools and Torque Wrenches,,,,1,1,1,1,0,1,10,Starboard (default),Torque Tools and Torque Wrenches,,,
36190-strbd,361-strbd,Trowels and Putty Knives,,,,1,1,1,1,0,1,10,Starboard (default),Trowels and Putty Knives,,,
36191-strbd,361-strbd,Trucks and Carriers,,,,1,1,1,1,0,1,10,Starboard (default),Trucks and Carriers,,,
36194-strbd,361-strbd,Universal Joints,,,,1,1,1,1,0,1,10,Starboard (default),Universal Joints,,,
36196-strbd,361-strbd,Winches and Chain Hoists,,,,1,1,1,1,0,1,10,Starboard (default),Winches and Chain Hoists,,,
36197-strbd,361-strbd,Wrenches and Spanners,,,,1,1,1,1,0,1,10,Starboard (default),Wrenches and Spanners,,,
36199-strbd,361-strbd,Misc. Hand Tools,,,,1,1,1,1,0,1,10,Starboard (default),Misc. Hand Tools,,,
36315-strbd,363-strbd,Carbide Rotary Burs,,,,1,1,1,1,0,1,10,Starboard (default),Carbide Rotary Burs,,,
36325-strbd,363-strbd,Drill Machine Attachments,,,,1,1,1,1,0,1,10,Starboard (default),Drill Machine Attachments,,,
36326-strbd,363-strbd,Drills,,,,1,1,1,1,0,1,10,Starboard (default),Drills,,,
36330-strbd,363-strbd,Hole Saws,,,,1,1,1,1,0,1,10,Starboard (default),Hole Saws,,,
36335-strbd,363-strbd,Lathe Machine Attachments,,,,1,1,1,1,0,1,10,Starboard (default),Lathe Machine Attachments,,,
36350-strbd,363-strbd,Screw Extractors,,,,1,1,1,1,0,1,10,Starboard (default),Screw Extractors,,,
36355-strbd,363-strbd,Taps and Dies,,,,1,1,1,1,0,1,10,Starboard (default),Taps and Dies,,,
36356-strbd,363-strbd,Thread Restorers (File Type),,,,1,1,1,1,0,1,10,Starboard (default),Thread Restorers (File Type),,,
36357-strbd,363-strbd,Tool Bit Holders,,,,1,1,1,1,0,1,10,Starboard (default),Tool Bit Holders,,,
36358-strbd,363-strbd,Tool Bits and Carbide Tips,,,,1,1,1,1,0,1,10,Starboard (default),Tool Bits and Carbide Tips,,,
36365-strbd,363-strbd,Valve Seat Cutters,,,,1,1,1,1,0,1,10,Starboard (default),Valve Seat Cutters,,,
36399-strbd,363-strbd,Misc. Cutting Tools,,,,1,1,1,1,0,1,10,Starboard (default),Misc. Cutting Tools,,,
36515-strbd,365-strbd,Calipers- Compasses and Dividers,,,,1,1,1,1,0,1,10,Starboard (default),Calipers- Compasses and Dividers,,,
36521-strbd,365-strbd,Dial Gauges,,,,1,1,1,1,0,1,10,Starboard (default),Dial Gauges,,,
36525-strbd,365-strbd,Edges and Squares,,,,1,1,1,1,0,1,10,Starboard (default),Edges and Squares,,,
36526-strbd,365-strbd,Engine Indicators,,,,1,1,1,1,0,1,10,Starboard (default),Engine Indicators,,,
36530-strbd,365-strbd,Finding Pastes,,,,1,1,1,1,0,1,10,Starboard (default),Finding Pastes,,,
36540-strbd,365-strbd,Inspection Mirrors,,,,1,1,1,1,0,1,10,Starboard (default),Inspection Mirrors,,,
36541-strbd,365-strbd,Pressure Gauges,,,,1,1,1,1,0,1,10,Starboard (default),Pressure Gauges,,,
36545-strbd,365-strbd,Micrometers,,,,1,1,1,1,0,1,10,Starboard (default),Micrometers,,,
36550-strbd,365-strbd,PH Meters,,,,1,1,1,1,0,1,10,Starboard (default),PH Meters,,,
36553-strbd,365-strbd,Rules and Measuring Tapes,,,,1,1,1,1,0,1,10,Starboard (default),Rules and Measuring Tapes,,,
36555-strbd,365-strbd,Scales and Balances,,,,1,1,1,1,0,1,10,Starboard (default),Scales and Balances,,,
36557-strbd,365-strbd,Surface Plates and Levels,,,,1,1,1,1,0,1,10,Starboard (default),Surface Plates and Levels,,,
36561-strbd,365-strbd,Thermometers,,,,1,1,1,1,0,1,10,Starboard (default),Thermometers,,,
36570-strbd,365-strbd,Vernier Calipers and Hand Gauges,,,,1,1,1,1,0,1,10,Starboard (default),Vernier Calipers and Hand Gauges,,,
36599-strbd,365-strbd,Misc. Measuring Tools,,,,1,1,1,1,0,1,10,Starboard (default),Misc. Measuring Tools,,,
36710-strbd,367-strbd,Aluminum Materials,,,,1,1,1,1,0,1,10,Starboard (default),Aluminum Materials,,,
36715-strbd,367-strbd,Brass and Bronze Materials,,,,1,1,1,1,0,1,10,Starboard (default),Brass and Bronze Materials,,,
36720-strbd,367-strbd,Copper Materials,,,,1,1,1,1,0,1,10,Starboard (default),Copper Materials,,,
36735-strbd,367-strbd,Gratings,,,,1,1,1,1,0,1,10,Starboard (default),Gratings,,,
36745-strbd,367-strbd,Lead and Zinc Materials,,,,1,1,1,1,0,1,10,Starboard (default),Lead and Zinc Materials,,,
36750-strbd,367-strbd,Stainless Steel Materials,,,,1,1,1,1,0,1,10,Starboard (default),Stainless Steel Materials,,,
36751-strbd,367-strbd,Steel Materials,,,,1,1,1,1,0,1,10,Starboard (default),Steel Materials,,,
36799-strbd,367-strbd,Misc. Metal Sheets- Bars- Etc.,,,,1,1,1,1,0,1,10,Starboard (default),Misc. Metal Sheets- Bars- Etc.,,,
36910-strbd,369-strbd,Bolts,,,,1,1,1,1,0,1,10,Starboard (default),Bolts,,,
36935-strbd,369-strbd,Hooks and Eyes,,,,1,1,1,1,0,1,10,Starboard (default),Hooks and Eyes,,,
36950-strbd,369-strbd,Nuts,,,,1,1,1,1,0,1,10,Starboard (default),Nuts,,,
36960-strbd,369-strbd,Washers,,,,1,1,1,1,0,1,10,Starboard (default),Washers,,,
36999-strbd,369-strbd,Misc. Screws and Nuts,,,,1,1,1,1,0,1,10,Starboard (default),Misc. Screws and Nuts,,,
37150-strbd,371-strbd,Pipes,,,,1,1,1,1,0,1,10,Starboard (default),Pipes,,,
37160-strbd,371-strbd,Tubes,,,,1,1,1,1,0,1,10,Starboard (default),Tubes,,,
37325-strbd,373-strbd,Ermeto High Pressure Steel Couplings,,,,1,1,1,1,0,1,10,Starboard (default),Ermeto High Pressure Steel Couplings,,,
37330-strbd,373-strbd,Fittings,,,,1,1,1,1,0,1,10,Starboard (default),Fittings,,,
37340-strbd,373-strbd,Flanges,,,,1,1,1,1,0,1,10,Starboard (default),Flanges,,,
37341-strbd,373-strbd,Flexible Pipe Couplings,,,,1,1,1,1,0,1,10,Starboard (default),Flexible Pipe Couplings,,,
37355-strbd,373-strbd,HP pipes and fittings,,,,1,1,1,1,0,1,10,Starboard (default),HP pipes and fittings,,,
37525-strbd,375-strbd,Cocks,,,,1,1,1,1,0,1,10,Starboard (default),Cocks,,,
37565-strbd,375-strbd,Valves,,,,1,1,1,1,0,1,10,Starboard (default),Valves,,,
37599-strbd,375-strbd,Misc. Valves and Cocks,,,,1,1,1,1,0,1,10,Starboard (default),Misc. Valves and Cocks,,,
37799-strbd,377-strbd,Misc. Bearings,,,,1,1,1,1,0,1,10,Starboard (default),Misc. Bearings,,,
37915-strbd,379-strbd,Batteries,,,,1,1,1,1,0,1,10,Starboard (default),Batteries,,,
37920-strbd,379-strbd,Cable Accessories,,,,1,1,1,1,0,1,10,Starboard (default),Cable Accessories,,,
37921-strbd,379-strbd,Cables,,,,1,1,1,1,0,1,10,Starboard (default),Cables,,,
37922-strbd,379-strbd,Cargo Lights,,,,1,1,1,1,0,1,10,Starboard (default),Cargo Lights,,,
37923-strbd,379-strbd,Circuit Brakers and Transformers,,,,1,1,1,1,0,1,10,Starboard (default),Circuit Brakers and Transformers,,,
37930-strbd,379-strbd,Electrical Insulation Materials,,,,1,1,1,1,0,1,10,Starboard (default),Electrical Insulation Materials,,,
37935-strbd,379-strbd,Flashlights,,,,1,1,1,1,0,1,10,Starboard (default),Flashlights,,,
37936-strbd,379-strbd,Fluorescent Lamps,,,,1,1,1,1,0,1,10,Starboard (default),Fluorescent Lamps,,,
37937-strbd,379-strbd,Fuses,,,,1,1,1,1,0,1,10,Starboard (default),Fuses,,,
37945-strbd,379-strbd,Hand Lamps,,,,1,1,1,1,0,1,10,Starboard (default),Hand Lamps,,,
37955-strbd,379-strbd,Lamp Holders,,,,1,1,1,1,0,1,10,Starboard (default),Lamp Holders,,,
37956-strbd,379-strbd,Lamps,,,,1,1,1,1,0,1,10,Starboard (default),Lamps,,,
37957-strbd,379-strbd,Lighting Fixtures,,,,1,1,1,1,0,1,10,Starboard (default),Lighting Fixtures,,,
37965-strbd,379-strbd,Megaphones and Loud Speakers,,,,1,1,1,1,0,1,10,Starboard (default),Megaphones and Loud Speakers,,,
37966-strbd,379-strbd,Mercury- and Halogen Lamps,,,,1,1,1,1,0,1,10,Starboard (default),Mercury- and Halogen Lamps,,,
37970-strbd,379-strbd,Pilot Lamps,,,,1,1,1,1,0,1,10,Starboard (default),Pilot Lamps,,,
37971-strbd,379-strbd,Plug and Receptacles,,,,1,1,1,1,0,1,10,Starboard (default),Plug and Receptacles,,,
37975-strbd,379-strbd,Reflector Lamps,,,,1,1,1,1,0,1,10,Starboard (default),Reflector Lamps,,,
37980-strbd,379-strbd,Solders,,,,1,1,1,1,0,1,10,Starboard (default),Solders,,,
37981-strbd,379-strbd,Switches,,,,1,1,1,1,0,1,10,Starboard (default),Switches,,,
37983-strbd,379-strbd,Test Instruments,,,,1,1,1,1,0,1,10,Starboard (default),Test Instruments,,,
37987-strbd,379-strbd,Warning Lights,,,,1,1,1,1,0,1,10,Starboard (default),Warning Lights,,,
37999-strbd,379-strbd,Misc. Electrical Equipment,,,,1,1,1,1,0,1,10,Starboard (default),Misc. Electrical Equipment,,,
38110-strbd,381-strbd,Anticorrosive Tapes,,,,1,1,1,1,0,1,10,Starboard (default),Anticorrosive Tapes,,,
38116-strbd,381-strbd,Ceramic Spinning and Textile,,,,1,1,1,1,0,1,10,Starboard (default),Ceramic Spinning and Textile,,,
38120-strbd,381-strbd,Emergency Repair Patch and Tape,,,,1,1,1,1,0,1,10,Starboard (default),Emergency Repair Patch and Tape,,,
38135-strbd,381-strbd,Filter Materials,,,,1,1,1,1,0,1,10,Starboard (default),Filter Materials,,,
38141-strbd,381-strbd,Gaskets and Joint Sheets,,,,1,1,1,1,0,1,10,Starboard (default),Gaskets and Joint Sheets,,,
38142-strbd,381-strbd,Gauge Glass Materials,,,,1,1,1,1,0,1,10,Starboard (default),Gauge Glass Materials,,,
38143-strbd,381-strbd,Glass Fiber Spinning and Textile,,,,1,1,1,1,0,1,10,Starboard (default),Glass Fiber Spinning and Textile,,,
38144-strbd,381-strbd,Graphite and Fire Clay Products,,,,1,1,1,1,0,1,10,Starboard (default),Graphite and Fire Clay Products,,,
38150-strbd,381-strbd,Heat Insulation Pipe Covers,,,,1,1,1,1,0,1,10,Starboard (default),Heat Insulation Pipe Covers,,,
38160-strbd,381-strbd,O Rings and Copper Rings,,,,1,1,1,1,0,1,10,Starboard (default),O Rings and Copper Rings,,,
38165-strbd,381-strbd,Packings,,,,1,1,1,1,0,1,10,Starboard (default),Packings,,,
38167-strbd,381-strbd,Putty,,,,1,1,1,1,0,1,10,Starboard (default),Putty,,,
38175-strbd,381-strbd,Resin Based Maintenance Products,,,,1,1,1,1,0,1,10,Starboard (default),Resin Based Maintenance Products,,,
38180-strbd,381-strbd,Sealing and Bonding Items,,,,1,1,1,1,0,1,10,Starboard (default),Sealing and Bonding Items,,,
38182-strbd,381-strbd,Teflon Products,,,,1,1,1,1,0,1,10,Starboard (default),Teflon Products,,,
38185-strbd,381-strbd,V-Belts,,,,1,1,1,1,0,1,10,Starboard (default),V-Belts,,,
38199-strbd,381-strbd,Misc. Packing and Jointing,,,,1,1,1,1,0,1,10,Starboard (default),Misc. Packing and Jointing,,,
38510-strbd,385-strbd,Automatic Reverse Flow Prevention Couplings,,,,1,1,1,1,0,1,10,Starboard (default),Automatic Reverse Flow Prevention Couplings,,,
38520-strbd,385-strbd,Electric Welding Equipment,,,,1,1,1,1,0,1,10,Starboard (default),Electric Welding Equipment,,,
38521-strbd,385-strbd,Electrodes,,,,1,1,1,1,0,1,10,Starboard (default),Electrodes,,,
38530-strbd,385-strbd,Gas Welding and Cutting Equipment,,,,1,1,1,1,0,1,10,Starboard (default),Gas Welding and Cutting Equipment,,,
38531-strbd,385-strbd,Gas Welding Rods,,,,1,1,1,1,0,1,10,Starboard (default),Gas Welding Rods,,,
38532-strbd,385-strbd,Gases and Gas Cylinders,,,,1,1,1,1,0,1,10,Starboard (default),Gases and Gas Cylinders,,,
38560-strbd,385-strbd,Refrigerant Gas Charging Hoses,,,,1,1,1,1,0,1,10,Starboard (default),Refrigerant Gas Charging Hoses,,,
38570-strbd,385-strbd,Welders Chalks,,,,1,1,1,1,0,1,10,Starboard (default),Welders Chalks,,,
38571-strbd,385-strbd,Welders Protection Items,,,,1,1,1,1,0,1,10,Starboard (default),Welders Protection Items,,,
38599-strbd,385-strbd,Misc. Welding Equipment,,,,1,1,1,1,0,1,10,Starboard (default),Misc. Welding Equipment,,,
38799-strbd,387-strbd,Misc. Machinery Equipment,,,,1,1,1,1,0,1,10,Starboard (default),Misc. Machinery Equipment,,,
51010-strbd,510-strbd,Beef,,,,1,1,1,1,0,1,10,Starboard (default),Beef,,,
51016-strbd,510-strbd,Cold Cuts and Pate,,,,1,1,1,1,0,1,10,Starboard (default),Cold Cuts and Pate,,,
51023-strbd,510-strbd,Game Meat,,,,1,1,1,1,0,1,10,Starboard (default),Game Meat,,,
51035-strbd,510-strbd,Lamb,,,,1,1,1,1,0,1,10,Starboard (default),Lamb,,,
51040-strbd,510-strbd,Mutton,,,,1,1,1,1,0,1,10,Starboard (default),Mutton,,,
51045-strbd,510-strbd,Pork,,,,1,1,1,1,0,1,10,Starboard (default),Pork,,,
51047-strbd,510-strbd,Sausages,,,,1,1,1,1,0,1,10,Starboard (default),Sausages,,,
51055-strbd,510-strbd,Veal,,,,1,1,1,1,0,1,10,Starboard (default),Veal,,,
51099-strbd,510-strbd,Misc. Meat,,,,1,1,1,1,0,1,10,Starboard (default),Misc. Meat,,,
51215-strbd,512-strbd,Chicken,,,,1,1,1,1,0,1,10,Starboard (default),Chicken,,,
51220-strbd,512-strbd,Duck,,,,1,1,1,1,0,1,10,Starboard (default),Duck,,,
51225-strbd,512-strbd,Goose,,,,1,1,1,1,0,1,10,Starboard (default),Goose,,,
51250-strbd,512-strbd,Turkey,,,,1,1,1,1,0,1,10,Starboard (default),Turkey,,,
51299-strbd,512-strbd,Misc. Poultry,,,,1,1,1,1,0,1,10,Starboard (default),Misc. Poultry,,,
51505-strbd,515-strbd,Anchovies,,,,1,1,1,1,0,1,10,Starboard (default),Anchovies,,,
51509-strbd,515-strbd,Cod,,,,1,1,1,1,0,1,10,Starboard (default),Cod,,,
51510-strbd,515-strbd,Crab,,,,1,1,1,1,0,1,10,Starboard (default),Crab,,,
51525-strbd,515-strbd,Herring,,,,1,1,1,1,0,1,10,Starboard (default),Herring,,,
51535-strbd,515-strbd,Lobster,,,,1,1,1,1,0,1,10,Starboard (default),Lobster,,,
51540-strbd,515-strbd,Mackerel,,,,1,1,1,1,0,1,10,Starboard (default),Mackerel,,,
51541-strbd,515-strbd,"Mussels, Clams, Oysters and Scallops",,,,1,1,1,1,0,1,10,Starboard (default),"Mussels, Clams, Oysters and Scallops",,,
51542-strbd,515-strbd,MilkFish,,,,1,1,1,1,0,1,10,Starboard (default),MilkFish,,,
51550-strbd,515-strbd,Octopus and Squid,,,,1,1,1,1,0,1,10,Starboard (default),Octopus and Squid,,,
51555-strbd,515-strbd,Pilchards and Sardines,,,,1,1,1,1,0,1,10,Starboard (default),Pilchards and Sardines,,,
51560-strbd,515-strbd,Snapper,,,,1,1,1,1,0,1,10,Starboard (default),Snapper,,,
51565-strbd,515-strbd,Salmon,,,,1,1,1,1,0,1,10,Starboard (default),Salmon,,,
51567-strbd,515-strbd,Shrimps and Prawns,,,,1,1,1,1,0,1,10,Starboard (default),Shrimps and Prawns,,,
51580-strbd,515-strbd,Tuna,,,,1,1,1,1,0,1,10,Starboard (default),Tuna,,,
51581-strbd,515-strbd,Tilapia,,,,1,1,1,1,0,1,10,Starboard (default),Tilapia,,,
51599-strbd,515-strbd,Misc. Seafood,,,,1,1,1,1,0,1,10,Starboard (default),Misc. Seafood,,,
52010-strbd,520-strbd,Apples,,,,1,1,1,1,0,1,10,Starboard (default),Apples,,,
52011-strbd,520-strbd,Apricot,,,,1,1,1,1,0,1,10,Starboard (default),Apricot,,,
52012-strbd,520-strbd,Avocado,,,,1,1,1,1,0,1,10,Starboard (default),Avocado,,,
52015-strbd,520-strbd,Banana,,,,1,1,1,1,0,1,10,Starboard (default),Banana,,,
52016-strbd,520-strbd,Berries and Plums,,,,1,1,1,1,0,1,10,Starboard (default),Berries and Plums,,,
52017-strbd,520-strbd,Broccoli,,,,1,1,1,1,0,1,10,Starboard (default),Broccoli,,,
52020-strbd,520-strbd,Cabbage,,,,1,1,1,1,0,1,10,Starboard (default),Cabbage,,,
52021-strbd,520-strbd,Cauliflower,,,,1,1,1,1,0,1,10,Starboard (default),Cauliflower,,,
52022-strbd,520-strbd,Celery,,,,1,1,1,1,0,1,10,Starboard (default),Celery,,,
52023-strbd,520-strbd,Citrus Fruit,,,,1,1,1,1,0,1,10,Starboard (default),Citrus Fruit,,,
52024-strbd,520-strbd,Corn,,,,1,1,1,1,0,1,10,Starboard (default),Corn,,,
52025-strbd,520-strbd,Cucumbers,,,,1,1,1,1,0,1,10,Starboard (default),Cucumbers,,,
52026-strbd,520-strbd,Dried Fruit,,,,1,1,1,1,0,1,10,Starboard (default),Dried Fruit,,,
52027-strbd,520-strbd,Coconut,,,,1,1,1,1,0,1,10,Starboard (default),Coconut,,,
52030-strbd,520-strbd,Eggplant,,,,1,1,1,1,0,1,10,Starboard (default),Eggplant,,,
52035-strbd,520-strbd,Grape,,,,1,1,1,1,0,1,10,Starboard (default),Grape,,,
52040-strbd,520-strbd,Herbs- Chilli and Garlic,,,,1,1,1,1,0,1,10,Starboard (default),Herbs- Chilli and Garlic,,,
52045-strbd,520-strbd,Leeks,,,,1,1,1,1,0,1,10,Starboard (default),Leeks,,,
52047-strbd,520-strbd,Lentils,,,,1,1,1,1,0,1,10,Starboard (default),Lentils,,,
52048-strbd,520-strbd,Lettuce Salads,,,,1,1,1,1,0,1,10,Starboard (default),Lettuce Salads,,,
52050-strbd,520-strbd,Melons,,,,1,1,1,1,0,1,10,Starboard (default),Melons,,,
52051-strbd,520-strbd,Mixed Fruits,,,,1,1,1,1,0,1,10,Starboard (default),Mixed Fruits,,,
52052-strbd,520-strbd,Mixed Vegetables,,,,1,1,1,1,0,1,10,Starboard (default),Mixed Vegetables,,,
52053-strbd,520-strbd,Mushroom,,,,1,1,1,1,0,1,10,Starboard (default),Mushroom,,,
52060-strbd,520-strbd,Olives,,,,1,1,1,1,0,1,10,Starboard (default),Olives,,,
52061-strbd,520-strbd,Onions,,,,1,1,1,1,0,1,10,Starboard (default),Onions,,,
52065-strbd,520-strbd,Peaches,,,,1,1,1,1,0,1,10,Starboard (default),Peaches,,,
52066-strbd,520-strbd,Pears,,,,1,1,1,1,0,1,10,Starboard (default),Pears,,,
52067-strbd,520-strbd,Peas and Beans,,,,1,1,1,1,0,1,10,Starboard (default),Peas and Beans,,,
52068-strbd,520-strbd,Pepper,,,,1,1,1,1,0,1,10,Starboard (default),Pepper,,,
52069-strbd,520-strbd,Potatoes,,,,1,1,1,1,0,1,10,Starboard (default),Potatoes,,,
52070-strbd,520-strbd,Pumpkin,,,,1,1,1,1,0,1,10,Starboard (default),Pumpkin,,,
52075-strbd,520-strbd,Radish,,,,1,1,1,1,0,1,10,Starboard (default),Radish,,,
52076-strbd,520-strbd,Root Vegetables,,,,1,1,1,1,0,1,10,Starboard (default),Root Vegetables,,,
52080-strbd,520-strbd,Squash,,,,1,1,1,1,0,1,10,Starboard (default),Squash,,,
52085-strbd,520-strbd,Tomato,,,,1,1,1,1,0,1,10,Starboard (default),Tomato,,,
52086-strbd,520-strbd,Tropical Fruits,,,,1,1,1,1,0,1,10,Starboard (default),Tropical Fruits,,,
52098-strbd,520-strbd,Misc. Fruit,,,,1,1,1,1,0,1,10,Starboard (default),Misc. Fruit,,,
52099-strbd,520-strbd,Misc. Vegetables,,,,1,1,1,1,0,1,10,Starboard (default),Misc. Vegetables,,,
53010-strbd,530-strbd,Cheese,,,,1,1,1,1,0,1,10,Starboard (default),Cheese,,,
53012-strbd,530-strbd,Cream,,,,1,1,1,1,0,1,10,Starboard (default),Cream,,,
53015-strbd,530-strbd,Eggs,,,,1,1,1,1,0,1,10,Starboard (default),Eggs,,,
53020-strbd,530-strbd,Milk,,,,1,1,1,1,0,1,10,Starboard (default),Milk,,,
53045-strbd,530-strbd,Yoghurt,,,,1,1,1,1,0,1,10,Starboard (default),Yoghurt,,,
53099-strbd,530-strbd,Misc. Dairy,,,,1,1,1,1,0,1,10,Starboard (default),Misc. Dairy,,,
53210-strbd,532-strbd,Butter,,,,1,1,1,1,0,1,10,Starboard (default),Butter,,,
53235-strbd,532-strbd,Margarine,,,,1,1,1,1,0,1,10,Starboard (default),Margarine,,,
53240-strbd,532-strbd,Oil,,,,1,1,1,1,0,1,10,Starboard (default),Oil,,,
53270-strbd,532-strbd,Vinegar,,,,1,1,1,1,0,1,10,Starboard (default),Vinegar,,,
53299-strbd,532-strbd,Misc. Butter- Margarine and Oils,,,,1,1,1,1,0,1,10,Starboard (default),Misc. Butter- Margarine and Oils,,,
53510-strbd,535-strbd,Basmati Rice,,,,1,1,1,1,0,1,10,Starboard (default),Basmati Rice,,,
53511-strbd,535-strbd,Brown Rice,,,,1,1,1,1,0,1,10,Starboard (default),Brown Rice,,,
53520-strbd,535-strbd,Calrose Rice,,,,1,1,1,1,0,1,10,Starboard (default),Calrose Rice,,,
53525-strbd,535-strbd,Jasmine Rice,,,,1,1,1,1,0,1,10,Starboard (default),Jasmine Rice,,,
53530-strbd,535-strbd,Parboiled Rice,,,,1,1,1,1,0,1,10,Starboard (default),Parboiled Rice,,,
53575-strbd,535-strbd,White Long Grain,,,,1,1,1,1,0,1,10,Starboard (default),White Long Grain,,,
53599-strbd,535-strbd,Misc. Rice- Oats and Grain,,,,1,1,1,1,0,1,10,Starboard (default),Misc. Rice- Oats and Grain,,,
53610-strbd,536-strbd,Instant Noodles,,,,1,1,1,1,0,1,10,Starboard (default),Instant Noodles,,,
53615-strbd,536-strbd,Lasagne Sheet,,,,1,1,1,1,0,1,10,Starboard (default),Lasagne Sheet,,,
53620-strbd,536-strbd,Noodles,,,,1,1,1,1,0,1,10,Starboard (default),Noodles,,,
53625-strbd,536-strbd,Pasta,,,,1,1,1,1,0,1,10,Starboard (default),Pasta,,,
53699-strbd,536-strbd,Misc. Pasta and Noodles,,,,1,1,1,1,0,1,10,Starboard (default),Misc. Pasta and Noodles,,,
54010-strbd,540-strbd,Condiments,,,,1,1,1,1,0,1,10,Starboard (default),Condiments,,,
54015-strbd,540-strbd,Dressing,,,,1,1,1,1,0,1,10,Starboard (default),Dressing,,,
54020-strbd,540-strbd,Marinade,,,,1,1,1,1,0,1,10,Starboard (default),Marinade,,,
54035-strbd,540-strbd,Pickled Fruit and Vegetables,,,,1,1,1,1,0,1,10,Starboard (default),Pickled Fruit and Vegetables,,,
54045-strbd,540-strbd,Relish,,,,1,1,1,1,0,1,10,Starboard (default),Relish,,,
54051-strbd,540-strbd,Sauces,,,,1,1,1,1,0,1,10,Starboard (default),Sauces,,,
54099-strbd,540-strbd,Misc. Sauces and Condiments,,,,1,1,1,1,0,1,10,Starboard (default),Misc. Sauces and Condiments,,,
54115-strbd,541-strbd,Bouillons,,,,1,1,1,1,0,1,10,Starboard (default),Bouillons,,,
54140-strbd,541-strbd,Flavor Enhancers,,,,1,1,1,1,0,1,10,Starboard (default),Flavor Enhancers,,,
54145-strbd,541-strbd,Meat Soups,,,,1,1,1,1,0,1,10,Starboard (default),Meat Soups,,,
54150-strbd,541-strbd,Noodle Soups,,,,1,1,1,1,0,1,10,Starboard (default),Noodle Soups,,,
54160-strbd,541-strbd,Seafood Soups,,,,1,1,1,1,0,1,10,Starboard (default),Seafood Soups,,,
54170-strbd,541-strbd,Vegetable Soups,,,,1,1,1,1,0,1,10,Starboard (default),Vegetable Soups,,,
54199-strbd,541-strbd,Misc. Soups and Bouillons,,,,1,1,1,1,0,1,10,Starboard (default),Misc. Soups and Bouillons,,,
54235-strbd,542-strbd,Dry Herbs,,,,1,1,1,1,0,1,10,Starboard (default),Dry Herbs,,,
54250-strbd,542-strbd,Powder Spice,,,,1,1,1,1,0,1,10,Starboard (default),Powder Spice,,,
54260-strbd,542-strbd,Salt,,,,1,1,1,1,0,1,10,Starboard (default),Salt,,,
54275-strbd,542-strbd,Whole Spice,,,,1,1,1,1,0,1,10,Starboard (default),Whole Spice,,,
54299-strbd,542-strbd,Misc. Spices,,,,1,1,1,1,0,1,10,Starboard (default),Misc. Spices,,,
54315-strbd,543-strbd,Chinese Specialities,,,,1,1,1,1,0,1,10,Starboard (default),Chinese Specialities,,,
54325-strbd,543-strbd,Indian Specialities,,,,1,1,1,1,0,1,10,Starboard (default),Indian Specialities,,,
54330-strbd,543-strbd,Asian Specialities,,,,1,1,1,1,0,1,10,Starboard (default),Asian Specialities,,,
54350-strbd,543-strbd,Latin American Specialities,,,,1,1,1,1,0,1,10,Starboard (default),Latin American Specialities,,,
54360-strbd,543-strbd,Philippine Specialities,,,,1,1,1,1,0,1,10,Starboard (default),Philippine Specialities,,,
54370-strbd,543-strbd,Scandinavian Specialities,,,,1,1,1,1,0,1,10,Starboard (default),Scandinavian Specialities,,,
54380-strbd,543-strbd,Vegetarian,,,,1,1,1,1,0,1,10,Starboard (default),Vegetarian,,,
54399-strbd,543-strbd,Misc Specialities,,,,1,1,1,1,0,1,10,Starboard (default),Misc Specialities,,,
55010-strbd,550-strbd,Baking Ingredients,,,,1,1,1,1,0,1,10,Starboard (default),Baking Ingredients,,,
55011-strbd,550-strbd,Baking Mixes,,,,1,1,1,1,0,1,10,Starboard (default),Baking Mixes,,,
55022-strbd,550-strbd,Custard,,,,1,1,1,1,0,1,10,Starboard (default),Custard,,,
55035-strbd,550-strbd,Mousse,,,,1,1,1,1,0,1,10,Starboard (default),Mousse,,,
55041-strbd,550-strbd,Pie Filling and Crust,,,,1,1,1,1,0,1,10,Starboard (default),Pie Filling and Crust,,,
55042-strbd,550-strbd,Pudding,,,,1,1,1,1,0,1,10,Starboard (default),Pudding,,,
55050-strbd,550-strbd,Sugar and Sweeteners,,,,1,1,1,1,0,1,10,Starboard (default),Sugar and Sweeteners,,,
55052-strbd,550-strbd,Syrup,,,,1,1,1,1,0,1,10,Starboard (default),Syrup,,,
55099-strbd,550-strbd,Misc. Sugar and Baking Ingredients,,,,1,1,1,1,0,1,10,Starboard (default),Misc. Sugar and Baking Ingredients,,,
55110-strbd,551-strbd,Bread Mix,,,,1,1,1,1,0,1,10,Starboard (default),Bread Mix,,,
55115-strbd,551-strbd,Corn Flour,,,,1,1,1,1,0,1,10,Starboard (default),Corn Flour,,,
55155-strbd,551-strbd,Rye Flour,,,,1,1,1,1,0,1,10,Starboard (default),Rye Flour,,,
55171-strbd,551-strbd,White and Wheat Flour,,,,1,1,1,1,0,1,10,Starboard (default),White and Wheat Flour,,,
55199-strbd,551-strbd,Misc. Flour,,,,1,1,1,1,0,1,10,Starboard (default),Misc. Flour,,,
55225-strbd,552-strbd,Kernels,,,,1,1,1,1,0,1,10,Starboard (default),Kernels,,,
55250-strbd,552-strbd,Nuts,,,,1,1,1,1,0,1,10,Starboard (default),Nuts,,,
55275-strbd,552-strbd,Seeds,,,,1,1,1,1,0,1,10,Starboard (default),Seeds,,,
55276-strbd,552-strbd,Snack Nuts,,,,1,1,1,1,0,1,10,Starboard (default),Snack Nuts,,,
55299-strbd,552-strbd,Misc. Nut- Kernels and Seeds,,,,1,1,1,1,0,1,10,Starboard (default),Misc. Nut- Kernels and Seeds,,,
55315-strbd,553-strbd,Baguette and French Bread,,,,1,1,1,1,0,1,10,Starboard (default),Baguette and French Bread,,,
55316-strbd,553-strbd,Buns- Croissant and Rolls,,,,1,1,1,1,0,1,10,Starboard (default),Buns- Croissant and Rolls,,,
55319-strbd,553-strbd,Crackers,,,,1,1,1,1,0,1,10,Starboard (default),Crackers,,,
55320-strbd,553-strbd,Crispbread,,,,1,1,1,1,0,1,10,Starboard (default),Crispbread,,,
55330-strbd,553-strbd,Dough For Bread,,,,1,1,1,1,0,1,10,Starboard (default),Dough For Bread,,,
55335-strbd,553-strbd,Flat Bread,,,,1,1,1,1,0,1,10,Starboard (default),Flat Bread,,,
55350-strbd,553-strbd,Pumpernickle Bread,,,,1,1,1,1,0,1,10,Starboard (default),Pumpernickle Bread,,,
55355-strbd,553-strbd,Rye bread,,,,1,1,1,1,0,1,10,Starboard (default),Rye bread,,,
55360-strbd,553-strbd,Sandwich and White bread,,,,1,1,1,1,0,1,10,Starboard (default),Sandwich and White bread,,,
55365-strbd,553-strbd,White and Wheat bread,,,,1,1,1,1,0,1,10,Starboard (default),White and Wheat bread,,,
55399-strbd,553-strbd,Misc. Bread,,,,1,1,1,1,0,1,10,Starboard (default),Misc. Bread,,,
55420-strbd,554-strbd,Biscuits and Cookies,,,,1,1,1,1,0,1,10,Starboard (default),Biscuits and Cookies,,,
55425-strbd,554-strbd,Doughnut,,,,1,1,1,1,0,1,10,Starboard (default),Doughnut,,,
55435-strbd,554-strbd,Cakes,,,,1,1,1,1,0,1,10,Starboard (default),Cakes,,,
55445-strbd,554-strbd,Muffins,,,,1,1,1,1,0,1,10,Starboard (default),Muffins,,,
55455-strbd,554-strbd,Pastry,,,,1,1,1,1,0,1,10,Starboard (default),Pastry,,,
55456-strbd,554-strbd,Pie,,,,1,1,1,1,0,1,10,Starboard (default),Pie,,,
55499-strbd,554-strbd,Misc. Cakes and Cookies,,,,1,1,1,1,0,1,10,Starboard (default),Misc. Cakes and Cookies,,,
56020-strbd,560-strbd,Cereal Flakes,,,,1,1,1,1,0,1,10,Starboard (default),Cereal Flakes,,,
56045-strbd,560-strbd,Muesli,,,,1,1,1,1,0,1,10,Starboard (default),Muesli,,,
56055-strbd,560-strbd,Cereal Oats,,,,1,1,1,1,0,1,10,Starboard (default),Cereal Oats,,,
56099-strbd,560-strbd,Misc. Cereals,,,,1,1,1,1,0,1,10,Starboard (default),Misc. Cereals,,,
56120-strbd,561-strbd,Chocolate Spread,,,,1,1,1,1,0,1,10,Starboard (default),Chocolate Spread,,,
56121-strbd,561-strbd,Cold Salad,,,,1,1,1,1,0,1,10,Starboard (default),Cold Salad,,,
56135-strbd,561-strbd,Honey,,,,1,1,1,1,0,1,10,Starboard (default),Honey,,,
56140-strbd,561-strbd,Jam and Marmalade,,,,1,1,1,1,0,1,10,Starboard (default),Jam and Marmalade,,,
56145-strbd,561-strbd,Peanut Butter,,,,1,1,1,1,0,1,10,Starboard (default),Peanut Butter,,,
56150-strbd,561-strbd,Sandwich Spread,,,,1,1,1,1,0,1,10,Starboard (default),Sandwich Spread,,,
56199-strbd,561-strbd,Misc. Spreadable,,,,1,1,1,1,0,1,10,Starboard (default),Misc. Spreadable,,,
57045-strbd,570-strbd,Ice cream,,,,1,1,1,1,0,1,10,Starboard (default),Ice cream,,,
57050-strbd,570-strbd,Jelly and Gelatin,,,,1,1,1,1,0,1,10,Starboard (default),Jelly and Gelatin,,,
57060-strbd,570-strbd,Pancakes and Waffles,,,,1,1,1,1,0,1,10,Starboard (default),Pancakes and Waffles,,,
57070-strbd,570-strbd,Dessert Topping,,,,1,1,1,1,0,1,10,Starboard (default),Dessert Topping,,,
57099-strbd,570-strbd,Misc. Desserts,,,,1,1,1,1,0,1,10,Starboard (default),Misc. Desserts,,,
57220-strbd,572-strbd,Candy,,,,1,1,1,1,0,1,10,Starboard (default),Candy,,,
57221-strbd,572-strbd,Chocolate Candy,,,,1,1,1,1,0,1,10,Starboard (default),Chocolate Candy,,,
57250-strbd,572-strbd,Licorice,,,,1,1,1,1,0,1,10,Starboard (default),Licorice,,,
57299-strbd,572-strbd,Misc. Sweets,,,,1,1,1,1,0,1,10,Starboard (default),Misc. Sweets,,,
57320-strbd,573-strbd,Chips,,,,1,1,1,1,0,1,10,Starboard (default),Chips,,,
57360-strbd,573-strbd,Popcorn,,,,1,1,1,1,0,1,10,Starboard (default),Popcorn,,,
57361-strbd,573-strbd,Pretzels,,,,1,1,1,1,0,1,10,Starboard (default),Pretzels,,,
57399-strbd,573-strbd,Misc. Chips and Snacks,,,,1,1,1,1,0,1,10,Starboard (default),Misc. Chips and Snacks,,,
58020-strbd,580-strbd,Chicken Dishes,,,,1,1,1,1,0,1,10,Starboard (default),Chicken Dishes,,,
58021-strbd,580-strbd,Canned Pasta,,,,1,1,1,1,0,1,10,Starboard (default),Canned Pasta,,,
58051-strbd,580-strbd,Pizza,,,,1,1,1,1,0,1,10,Starboard (default),Pizza,,,
58052-strbd,580-strbd,Pork Dishes,,,,1,1,1,1,0,1,10,Starboard (default),Pork Dishes,,,
58075-strbd,580-strbd,Vegetable Dishes,,,,1,1,1,1,0,1,10,Starboard (default),Vegetable Dishes,,,
58099-strbd,580-strbd,Misc. Ready-to-Eat,,,,1,1,1,1,0,1,10,Starboard (default),Misc. Ready-to-Eat,,,
58520-strbd,585-strbd,Cocoa Powder,,,,1,1,1,1,0,1,10,Starboard (default),Cocoa Powder,,,
58521-strbd,585-strbd,Coffee,,,,1,1,1,1,0,1,10,Starboard (default),Coffee,,,
58530-strbd,585-strbd,Instant Coffee,,,,1,1,1,1,0,1,10,Starboard (default),Instant Coffee,,,
58570-strbd,585-strbd,Tea,,,,1,1,1,1,0,1,10,Starboard (default),Tea,,,
58599-strbd,585-strbd,Misc. Coffee and Tea,,,,1,1,1,1,0,1,10,Starboard (default),Misc. Coffee and Tea,,,
59025-strbd,590-strbd,Beverage Concentrate,,,,1,1,1,1,0,1,10,Starboard (default),Beverage Concentrate,,,
59027-strbd,590-strbd,Drink Mix,,,,1,1,1,1,0,1,10,Starboard (default),Drink Mix,,,
59040-strbd,590-strbd,Iced Tea,,,,1,1,1,1,0,1,10,Starboard (default),Iced Tea,,,
59045-strbd,590-strbd,Juice,,,,1,1,1,1,0,1,10,Starboard (default),Juice,,,
59070-strbd,590-strbd,Soda,,,,1,1,1,1,0,1,10,Starboard (default),Soda,,,
59080-strbd,590-strbd,Water,,,,1,1,1,1,0,1,10,Starboard (default),Water,,,
59099-strbd,590-strbd,Misc. Beverage,,,,1,1,1,1,0,1,10,Starboard (default),Misc. Beverage,,,
59115-strbd,591-strbd,Beer,,,,1,1,1,1,0,1,10,Starboard (default),Beer,,,
59120-strbd,591-strbd,Champagne,,,,1,1,1,1,0,1,10,Starboard (default),Champagne,,,
59121-strbd,591-strbd,Cider,,,,1,1,1,1,0,1,10,Starboard (default),Cider,,,
59135-strbd,591-strbd,Liquor,,,,1,1,1,1,0,1,10,Starboard (default),Liquor,,,
59140-strbd,591-strbd,Non Alcolic Beer- Wine Etc,,,,1,1,1,1,0,1,10,Starboard (default),Non Alcolic Beer- Wine Etc,,,
59180-strbd,591-strbd,Wine,,,,1,1,1,1,0,1,10,Starboard (default),Wine,,,
59199-strbd,591-strbd,Misc. Alcohol,,,,1,1,1,1,0,1,10,Starboard (default),Misc. Alcohol,,,
59220-strbd,592-strbd,Cigarettes,,,,1,1,1,1,0,1,10,Starboard (default),Cigarettes,,,
59221-strbd,592-strbd,Cigars etc.,,,,1,1,1,1,0,1,10,Starboard (default),Cigars etc.,,,
59235-strbd,592-strbd,Smoking Tobacco Loose,,,,1,1,1,1,0,1,10,Starboard (default),Smoking Tobacco Loose,,,
59270-strbd,592-strbd,Snuff and Chewing Tobacco,,,,1,1,1,1,0,1,10,Starboard (default),Snuff and Chewing Tobacco,,,
59299-strbd,592-strbd,Misc. Tobacco and Accessories,,,,1,1,1,1,0,1,10,Starboard (default),Misc. Tobacco and Accessories,,,
97085-strbd,970-strbd,Wrist Catalogs,,,,1,1,1,1,0,1,10,Starboard (default),Wrist Catalogs,,,
97088-strbd,970-strbd,Wrist Promotionals,,,,1,1,1,1,0,1,10,Starboard (default),Wrist Promotionals,,,
